Branch,Name,Country
1033,Chauff.Austria LZN,AT
4722,Deltas Limousine Clement KEG,AT
779,closed-Belgium Zentralkostenst,BE
3291,closed- Handmietvertr Brussels,BE
3507,closed-- Brussels Airport,BE
3511,closed- Brussels DT-Htl Conrad,BE
3566,closed Belgium Zentralverkaufs,BE
3789,closed -Brussels Limousine Ser,BE
3864,-- Antwerp DT Wilrijk -closed-,BE
4463,closed- HMV Belgium Limousine,BE
4612,closed- Belgium Handmietvertr,BE
4918,-- Antwerp-Haven -closed-,BE
4929,-- Antwerp Airport -closed-,BE
5203,closed-Unterschlag.Fzge.Belgie,BE
5253,-- Antwerp DT (Vans) -closed-,BE
1478,Sixt Canada Alamo,CA
1951,Canada Alamo ZKST,CA
1959,closed- Canada Alamo HMV,CA
2794,closed- Calgary,CA
2795,closed- Halifax (New Scotl.),CA
2796,closed- Halifax via Rail,CA
2797,closed- Sydney Airp (New Scot),CA
2819,closed- Toronto,CA
2828,closed- Vancouver,CA
2833,closed- London Airport (Canada,CA
2834,closed- Calgary Airport,CA
2835,closed- Edmonton Airport,CA
2837,closed- Halifax Airport,CA
2839,closed- Montreal Trudeau Airpo,CA
2840,closed- Montreal,CA
2841,closed- Ottawa Airport,CA
2844,closed- Toronto Airport,CA
2846,closed- Vancouver Intl Airport,CA
2850,closed- Abbotsford City,CA
2851,closed- Winnipeg Airport,CA
2852,closed- Banff,CA
2858,closed- Guelph (Ontario),CA
2867,closed- Quebec International A,CA
3740,-- Calgary AP -closed- (Sixt-D,CA
3741,"closed- Edmonton, Nisku",CA
3742,-- Vancouver AP -closed- (Sixt,CA
3743,closed- St. Johns Newfoundland,CA
3744,closed- Halifax AP,CA
3745,"closed- Halifax,Citadel Inn(Si",CA
3746,"-- London, Ontario -closed-",CA
3747,-- Toronto Hilton AP -closed-,CA
3748,closed- Toronto Administ Offic,CA
3749,-- Toronto -closed- (Sixt-Doll,CA
3750,-- Toronto Holiday I. -closed-,CA
3751,-- Toronto -closed- (Sixt-Doll,CA
3752,"-- Laval, Quebec -closed- (Six",CA
3753,-- Ville St. Laurent -closed-,CA
4148,closed- Edmonton (Sixt-Dol,CA
4149,-- Terrace -closed- (Sixt-Doll,CA
4150,-- Brampton -closed- (Sixt-Dol,CA
4151,-- Burlington -closed- (Sixt-D,CA
4152,-- Etobicoke -closed- (Sixt-Do,CA
4153,closed- Markham,CA
4154,-- Mississauga -closed- (Sixt-,CA
4155,-- North York -closed- (Sixt-D,CA
4156,-- North York -closed-(Sixt-Do,CA
4157,-- Ottawa -closed- (Sixt-Doll,CA
4158,-- Ottawa -closed- (Sixt-Dolla,CA
4159,-- Richmond Hill -closed-,CA
4160,-- Scarborough -closed-,CA
4161,-- Thunder Bay -closed- (Sixt-,CA
4162,-- Mirabel -closed- (Sixt-Doll,CA
1032,Chauff.Schweiz LZN,CH
4721,WF Limousine AG,CH
249,closed Trier Bhf. B&AMwS,DE
401,closed Donauwoerth Bhf. B&AMwS,DE
404,closed Lueneburg Bhf. B&AMwS,DE
415,closed- Passau Bhf. B&AMwS,DE
600,closed- LZN Berlin Limo closed,DE
601,closed Taufkirchen/Vils,DE
602,closed- Landshut II geschlosse,DE
608,closed Freilassing,DE
609,closed Landshut,DE
610,closed-Neufahrn b. Freising,DE
620,closed -Fürth,DE
640,Villingen-Schwenningen,DE
641,Konstanz,DE
642,closed Loerrach,DE
643,closed Weissenburg,DE
646,closed,DE
647,closed Donauwoerth,DE
648,closed Ingolstadt,DE
649,closed Erlangen,DE
655,Passau,DE
658,closed Idstein/Taunus,DE
665,closed Trier,DE
666,closed Neunkirchen,DE
667,closed Homburg,DE
672,closed Lueneburg,DE
673,closed Uelzen,DE
674,closed Salzwedel,DE
1074,Sixt Guadeloupe G.V.Sarl.,DE
1077,Sixt Brazil P.J.P.,DE
1434,Sixt Saint Martin,DE
1835,closed- United Germany Bingen,DE
1895,closed- United Germany Kierspe,DE
1896,closed- United Germany Bad,DE
1908,closed- United Germany Berlin,DE
1941,Sixt Kanaran (Cicar),DE
1942,closed- United Germany Aachen,DE
2037,closed- United Germany Achim,DE
2042,closed- United Germ.MUC,DE
2214,closed- United Germ. Offenbach,DE
2267,closed- United Germ Königsbr.,DE
2375,closed- United Germ. Oranienb.,DE
2409,closed- United Germ. Bramsche,DE
2421,closed- United Germ. Strausb.,DE
2450,closed- United Germany Jena,DE
2451,closed- United Germ. Freiburg,DE
2459,closed- United Germany Koblenz,DE
2468,closed- United Germ. Deggend,DE
2510,closed- United Germ.Wolfschl,DE
2511,closed- United Germ. Neustadt,DE
2512,closed- United Germ Ludwigsh,DE
2524,closed- United Germ Bensheim,DE
2525,closed- United Germany FFM,DE
2544,closed- United Germany Frankf,DE
2549,closed- United Germany Bremen,DE
2550,closed- United Germany München,DE
2557,closed- United Germany Rostock,DE
2576,closed- United Germany Aham,DE
2580,closed- United Germany Hamburg,DE
2592,closed- United Germany Overath,DE
2593,closed- United Germany Heek,DE
2594,closed- United Germ. Stukenbr,DE
3422,closed Erlangen II (Siemens),DE
3481,closed Berchtesgaden,DE
3518,closed Erding,DE
4489,closed- Amberg,DE
4624,closed - Ravensburg,DE
4723,closed- Lüneburg,DE
4741,closed-Chauffeurservice Hinter,DE
4784,closed Uelzen,DE
4790,closed- Riesa,DE
4791,closed- Pirna,DE
4792,closed- Meissen,DE
4793,closed - Gera - closed -,DE
4794,closed -Goerlitz - closed -,DE
4800,closed- Freilassing,DE
4839,Kempen,DE
4930,closed - Traunstein DT,DE
4938,Closed- Tuttlingen,DE
5039,closed- Uelzen,DE
5056,closed - Berchtesgaden,DE
5057,closed - Nettetal,DE
5108,Moers,DE
5899,LZN St. Wendel Autoland,DE
5978,LZN Suhl Autoland,DE
6185,closed - Salzwedel,DE
6225,LZN Bremervoerde Autoland,DE
6239,closed- Botswana Handmietvertr,DE
6241,HMV Brazil,DE
6242,LZN Brilon Autoland,DE
6462,closed- United Germ.HH,DE
6463,closed- United Germ. Landshut,DE
6488,Singen,DE
6505,Stockach/Moll,DE
6535,closed- United Germ. Lehrte DT,DE
6536,closed- United Germ.Eitorf DT,DE
6537,closed- United Germ.Schweinf.,DE
6538,closed- United Germ.Crailsheim,DE
6539,closed- United Germ. Loerrach,DE
6540,closed- United Germ.Bremen,DE
6563,closed- United Germ.Bremen,DE
6584,closed- United Germ.HH(Carme,DE
6585,closed- United Germ.Ruhstorf,DE
6586,closed- United Germany Plauen,DE
6587,closed- United Germ.Ingolstadt,DE
6588,closed- United Germ.Koeln (HE),DE
6610,closed- United Germ.Berlin,DE
6653,closed- United Germ. Würzburg,DE
6654,closed- United Germany Lahr,DE
6736,Pool Muscat DT,DE
6832,LZN Flensburg Autoland,DE
6844,closed- United Germ.Duesseld,DE
6845,closed- United Germ.Dortmund,DE
6851,closed- United Germ.Rheinbac,DE
6867,closed- United Germ. Nuernberg,DE
6868,closed- United Germ.Darmstadt,DE
6898,closed- United Germ. Neubrburg,DE
6908,closed- United Germ. Schwerin,DE
6909,closed- United Germ.Köln,DE
6971,closed- United Germ. HH (eco),DE
6986,closed- United Germany Neuss,DE
6993,closed- United Germ. Sulz,DE
6997,Kaldenkirchen,DE
7014,closed- United Germany Aschaff,DE
7047,closed- United Germ. Berlin,DE
7052,closed- United Germ.Salzuflen,DE
7089,closed- United Germany Thale,DE
7097,closed- United Germ.Braunschw,DE
7146,closed- United Germ. Magdeburg,DE
7148,closed- United Germany Bamberg,DE
7149,closed- United Germany Emstek,DE
7150,closed- United Germ Dassendorf,DE
7157,LZN Münster Autoland,DE
7162,closed- United Germ Greifswald,DE
7180,closed- United Germ Dinklage,DE
7190,closed- United Germ Stuttgart,DE
7194,closed- United Germ Braunschwe,DE
7195,closed- United Germ HH (PS),DE
7196,closed- United Germany Leipzig,DE
7235,closed- United Germ HH (Star),DE
7236,closed- United Germ Neustad,DE
7241,closed- United Germ Stadthagen,DE
7271,closed- United Germ Harrislee,DE
7289,closed- United Germ Lauf/Peg.,DE
7306,closed- United Germ Dillenburg,DE
7312,closed- United Germany Passau,DE
7319,closed- United Germany Lugau,DE
7335,closed- United Germ. Rüsselsh,DE
7361,closed- United Germ HH (CarGo),DE
7377,closed- United Germ Bad Honnef,DE
7384,closed- United Germ.Reichenh,DE
7396,closed- United Germany Kerpen,DE
8057,closed- United Germ.Magdeburg,DE
8062,closed- United Germ. Würzburg,DE
8075,closed- United Germ Haldensleb,DE
8078,closed- United Germ Berlin,DE
8094,closed- United Germ.Westfalica,DE
8135,closed- United Germ Magdeburg,DE
8201,closed- United Germany München,DE
8206,closed- United Germ Wuppertal,DE
8207,closed- United Germ Karlsruhe,DE
8212,closed- United Germ Eckernf,DE
8240,closed- United Germany Hameln,DE
8241,closed- United Germ Berlin Fun,DE
8276,closed- United Germ Halstenbek,DE
8286,closed- United Germ.Heidenheim,DE
8299,closed- United Germany Kiel,DE
8300,closed- United Germ Osnabrück,DE
8319,closed- United Germ Wiedenbr.,DE
8344,closed- United Germ. Bremen,DE
8347,closed- United Germ. Düdorf II,DE
8348,closed- United Germ. Pforzheim,DE
8350,closed- United Germ. Maulburg,DE
8400,closed- United Germ Badbergen,DE
8411,closed- United Germ.Hess Olden,DE
8448,closed- United Germany Voerde,DE
8477,closed- United Germany Homburg,DE
8484,closed- United Germ.Kemnitzerh,DE
8578,Pool Kleppe,DE
8579,Pool Arendal,DE
8613,closed- United Germany Hueven,DE
8677,closed- United Germ. Sevelten,DE
8694,closed- United Germ. Homburg,DE
8744,closed- United Germ. Wallersd,DE
8750,closed- United Germ. Mühlheim,DE
8755,closed- United Germ Vaihingen,DE
8783,closed- United Germ Heidelberg,DE
8812,closed- United Germ. Altenkirc,DE
8813,closed- United Germ. Rüsselsh,DE
8816,closed- United Germany Speyer,DE
8817,closed- United Germany Coburg,DE
8833,closed- United Germ. Isernh,DE
8874,closed- United Germ. Barleben,DE
8906,closed- United Germ. Wuppertal,DE
8907,closed- United Germ.Spaiching,DE
48419,Passau/ZF only,DE
767,CICAR ZKST,ES
768,closed-Spain Zentralkostenstel,ES
776,Spain Sol-Mar ZKST,ES
797,closed Balearic Islands Z.kst.,ES
1005,Sixt Spanien Solmar,ES
1047,Chauff.Spanien LZN,ES
1471,Sixt Gran Canaria AVIA,ES
1472,Sixt Gran Canaria Orlando,ES
1473,Sixt Spanien Goldcar,ES
1474,Sixt Menorca Owners,ES
1475,Sixt Ibiza BK Rent,ES
1944,Avia ZKST,ES
1945,Orlando ZKST,ES
1946,Goldcar ZKST,ES
1947,Owners ZKST,ES
1948,BK Rent Ibiza ZKST,ES
1952,closed- Avia HMV,ES
1953,closed- Orlando HMV,ES
1954,closed- Goldcar HMV,ES
1955,closed- Owners HMV,ES
1956,closed- BK Rent Ibiza HMV,ES
1960,closed- Formentera Port,ES
1961,closed- Ibiza Cala Tarida,ES
1962,closed- Ibiza Playa den Bossa,ES
1963,closed- Ibiza San Antonio,ES
1964,closed- Ibiza Santa Eulalia,ES
1965,closed- Ibiza Airport,ES
1966,closed- Ibiza Port,ES
1967,Menorca Cala Galdana,ES
1968,closed- Menorca Ciutadella Por,ES
1969,Menorca Calan Bosch,ES
1970,closed- Menorca Mahon Port,ES
1971,Menorca Mahon,ES
1972,Menorca Santo Tomas,ES
1973,Menorca Playa Son Bou,ES
1974,Menorca Son Park,ES
1975,closed- Menorca Airport (until,ES
1976,Menorca Cala Blanca,ES
1977,Menorca Biniforcat,ES
1978,closed- Almeria AP (Goldcar),ES
1979,closed- Benidorm (Goldcar),ES
1980,closed- Denia(Goldcar),ES
1981,closed- Murcia AP (Goldcar),ES
1982,closed- San Juan d Alicante,ES
1983,closed- Torrevieja(Goldcar),ES
1984,closed- Girona AP (Goldcar),ES
1985,closed- Reus Airport(Goldcar),ES
1986,closed- Granada AP (Goldcar),ES
1987,closed- Jerez Airport(Goldcar),ES
1988,closed- Cadiz - Sancti Petri,ES
1989,closed- Aguilas(Goldcar),ES
2145,Pool Lanzarote,ES
2147,Pool Menorca AR,ES
2148,Pool Ibiza AR,ES
2235,closed- Santiago de Comp. AP,ES
2799,Fuerteventura Calela Fuste,ES
2800,Fuerteventura Costa Calma,ES
2801,closed- La Gomera San Sebast.,ES
2802,closed- La Palma Airport (Cana,ES
2803,closed- La Palma Port (Canarie,ES
2804,closed- Lanzar Puerto de Carme,ES
2805,closed- Lanzarote La Penita,ES
3292,closed- Lanzarote Airport,ES
3293,closed- Fuerteventura Airport,ES
3294,closed- Fuerteventura (CICAR),ES
3295,Fuerteventura Jandia,ES
3296,Fuerteventura Corralejo,ES
3297,closed- Gran Canaria Airport,ES
3298,Gran Canaria Playa Ingles,ES
3299,closed- Gran Canaria Las Palma,ES
3300,closed- Gran Canaria-L.Pal,ES
3301,closed- Tenerife South Airport,ES
3302,closed- Tenerife North Airport,ES
3303,closed- Tenerife Puerto de la,ES
3304,closed- Tenerife Playa Santiag,ES
3305,closed- Tenerife Los Christian,ES
3306,closed- La Palma AP (Cicar),ES
3307,closed- El Hierro Airport,ES
3308,La Gomera San Sebastian,ES
3310,closed- Lanzarote Las Cucharas,ES
3311,closed- Lanzarote Teguise Pl.,ES
3312,closed- Lanzarote Beach,ES
3313,closed- Lanzarote Sirocco,ES
3314,closed- Lanzarote Los Charcos,ES
3315,closed- Lanzarote J. Carlos I,ES
3316,closed- Lanzarote P del Carmen,ES
3317,closed- Lanzarote Jable 1,ES
3318,closed- Lanzarote,ES
3319,closed- Lanzarote Matagorda,ES
3321,closed- Lanzarote Reina Sofia,ES
3322,closed- Lanzarote P del Carmen,ES
3323,closed- Lanzarote (CICAR),ES
3324,closed- Lanzarote C.C. Cha,ES
3325,closed- Lanzarote Club Carmen,ES
3326,closed- Lanzarote,ES
3327,closed- Lanzarote J. Playa 1,ES
3328,Lanzarote Puerto del Carmen,ES
3329,closed- Lanzarote J Playa 2,ES
3330,closed- Lanzarote Playa Blanca,ES
3331,closed- Lanzarote Playa Blanca,ES
3332,closed- Lanzarote,ES
3333,closed- Lanzarote Arrecife,ES
3409,closed- HMV Spain,ES
3410,closed- Canary Islands HandMV,ES
3411,closed- Malaga Handmietvertr.,ES
3549,-- Malaga Airport SIXT-Autos L,ES
3550,closed- Malaga(SIXT-AUTOS-LIDO,ES
3551,closed- Alicante Airport (Sol-,ES
3553,-- Benidorm -closed-,ES
3554,-- Denia -closed-,ES
3555,-- Javea DT -closed-,ES
3556,-- Murcia DT -closed-,ES
3557,-- San Javier -closed-,ES
3558,-- Torrevieja -closed-,ES
3559,closed- Valencia Flughafen,ES
3561,closed- Reus Airport (Sol-Mar),ES
3562,closed- Murcia Airport (Sol-Ma,ES
3563,closed- Almeria AP (Sol-Mar),ES
3782,closed- Spain Alm. Handmietv,ES
3810,-- Mallorca -closed- new: 4433,ES
3811,closed- Palma de Mallorca,ES
3820,closed Mallorca Zentralverkauf,ES
4224,Fuerteventura Caleta del Fuste,ES
4225,Lanzarote Costa Teguise,ES
4290,closed- AURO Festland HandMV,ES
4293,-Jerez Htl.-(Niza Cars) CLOSED,ES
4294,-Conil HotelFuerte-Niza CLOSED,ES
4295,closed- Rota Triunfo(NizaCars),ES
4296,closed- Rota Htl.Luz(NizaCars),ES
4297,closed- Chiclana St.Petri-Niza,ES
4298,--Sevilla (Sixt-Niza) -CLOSED-,ES
4299,--Gibraltar AP Niza Cars CLOSE,ES
4300,--Malaga AP (Sixt-Niza) CLOSED,ES
4301,--Nerja (Niza Cars)  -CLOSED-,ES
4302,-Torremolinos(Niza Cars) CLOSE,ES
4303,closed- Fuengirola (Niza Cars),ES
4304,closed- Calahonda(Niza Cars),ES
4305,-Marbella (Niza Cars) -CLOSED-,ES
4306,closed- Estepona Htl.Atal-Niza,ES
4307,closed- Guadecorte (Sixt-Niza),ES
4308,closed- Spain Handmietvertr,ES
4316,-Malaga Zentralkst.,ES
4327,-Bilbao DT-closed,ES
4328,closed- Santiago de Compostela,ES
4329,closed- Benidorm,ES
4330,-Barcelona DT -closed,ES
4331,closed- Cadiz DT,ES
4332,- Cordoba - closed,ES
4333,-Formentera-closed,ES
4334,-- Huelva -closed-,ES
4335,closed- Ibiza DT,ES
4336,-Madrid DT-closed,ES
4338,-Valladolid DT-closed,ES
4343,-Sevilla DT-closed,ES
4344,-Bilbao AP-closed,ES
4345,-Santiago de Compos.- AP-close,ES
4346,-Barcelona AP-closed,ES
4347,-Ibiza AP-closed,ES
4348,-Madrid AP-closed,ES
4372,closed- Auro Rent Iberia ZKST,ES
4378,-- Mallorca -closed- new: 4434,ES
4379,-- Mallorca -closed- new: 4435,ES
4380,-- Mallorca -closed- new: 4436,ES
4381,-Ibiza-closed,ES
4382,-Ibiza - San Jose -closed,ES
4383,-Ibiza DT-closed,ES
4384,-Ibiza Sta Eulalia -closed,ES
4407,closed- Mallorca Gesamt HMV,ES
4408,--Almeria (Niza Cars) -CLOSED-,ES
4433,-Mallorca AP-closed,ES
4434,-Mallorca-Maritimo DT-closed,ES
4435,-Mallorca-C'an Pastilla-closed,ES
4436,-Mallorca-Cala Millor-closed,ES
4437,-Mallorca - Alcudia-closed,ES
4495,closed- El Hierro Port,ES
4496,closed- Fuerteventura Corralej,ES
4497,closed- Fuerteventura Jandia P,ES
4498,Fuerteventura Playitas,ES
4499,closed- Gran Canaria Las Palma,ES
4500,closed- Gran Canaria Ageate Po,ES
4501,closed- Lanzarote Airport T2,ES
4502,Lanzarote Playa Blanca,ES
4503,Lanzarote Costa Teguise,ES
4504,closed- Tenerife Muelle Ribera,ES
4505,El Hierro Valverde,ES
4506,Fuerteventura Corralejo,ES
4507,Fuerteventura Caleta Fuste,ES
4508,Fuerteventura  Costa Calma,ES
4509,Fuerteventura Jandia,ES
4510,closed- Fuerteventura Airport,ES
4511,Gran Canaria Bahia Feliz,ES
4512,Gran Canaria Meloneras,ES
4513,Gran Canaria Playa Ingles,ES
4514,Gran Canaria Puerto Rico,ES
4515,closed- Gran Canaria Airport,ES
4516,La Gomera San Sebastian,ES
4517,La Gomera Valle Gran Rey,ES
4518,closed- La Palma Airport,ES
4519,La Palma Los Cancajos,ES
4520,Lanzarote Puerto del Carmen,ES
4521,Lanzarote Costa Teguise,ES
4522,Lanzarote Playa Blanca,ES
4523,closed- Lanzarote Airport,ES
4524,closed- Tenerife Playa de las ,ES
4525,closed- Tenerife Playa Arona,ES
4526,closed- Tenerife Puerto de la ,ES
4527,closed- Tenerife Santiago del ,ES
4528,closed- Tenerife North Airport,ES
4529,closed- Tenerife South Airport,ES
4530,Fuerteventura Corralejo,ES
4531,Fuerteventura Jandia,ES
4532,closed- Fuerteventura Airport,ES
4533,Gran Canaria Bahia Feliz,ES
4534,Gran Canaria Meloneras,ES
4535,closed- Gran Canaria Airport,ES
4536,Gran Canaria Las Palmas,ES
4537,Gran Canaria Playa Ingles,ES
4538,Gran Canaria Puerto Rico,ES
4539,closed- La Palma Airport (Cana,ES
4540,La Palma Los Cancajos,ES
4541,closed- Lanzarote Airport,ES
4542," ",ES
4543,closed- Tenerife Playa de las,ES
4544,closed- Tenerife Los Gigantes,ES
4545,closed- Tenerife Puerto de la,ES
4546,closed- Tenerife North Airport,ES
4547,closed- Tenerife South Airport,ES
4591,closed- Lanzarote ArrecifePort,ES
4656,- Almeria - closed,ES
4657,-Roquetas de Mar- closed,ES
4658,-Roquetas de Mar - closed,ES
4665,-Malaga AP-closed,ES
4666,-Mijas Costas - Malaga-closed,ES
4667,-Marbella DT-closed,ES
4668,closed- Marbella-Puerto Banus,ES
4669,--Torremolinos   -CLOSED-,ES
4691,-Alicante AP-closed,ES
4718,-Madrid - Villalba-closed,ES
4720,-Valencia AP-closed,ES
4724,-Menorca DT Alaior-closed,ES
4725,-Menorca Mahon - AP-closed,ES
4753,-San Sebastian-closed,ES
4754,-Madrid Alcobendas-closed,ES
4755,-Madrid Majadahonda-closed,ES
4772,-- Cadiz Sancti Petri - closed,ES
4773,closed- La Coruna,ES
4774,-Mallorca Cala D'or-closed,ES
4775,closed- Mallorca Htl Arabella,ES
4776,-Mallorca Santa Ponca-closed,ES
4787,-Salamanca-closed,ES
4830,-Valencia DT-closed,ES
4906,-Lerida DT-closed,ES
4907,-Tarragona DT-closed,ES
4908,-Cambrils DT-closed,ES
4943,closed- Jerez AP,ES
4944,-Sevilla AP-closed,ES
4945,-San Sebastian AP-closed,ES
4946,-Valladolid AP-closed,ES
5037,-Zaragoza DT-closed,ES
5048,Spanien ZkSt Ares Mobile SA,ES
5065,-Lloret de Mar-Gerona-closed,ES
5066,-Reus Airport-closed,ES
5067,-Gerona Airport-closed,ES
5093,Spanien ZKSt-Europa Rent a car,ES
5106,Sixt Spain RecordRentaCar Zkst,ES
5111,closed- Mallorca-Palma Airport,ES
5112,-Ibiza AP-(Sixt-Record)-closed,ES
5113,closed- Mallorca-Can Picafort,ES
5114,-Menorca AP(Sixt-Record)-close,ES
5115,closed- Mallorca Sa Coma-Cala,ES
5116,closed- Mallorca-PalmaDT(Reco),ES
5117,-Madrid AP-(Sixt-Record)-close,ES
5118,closed- Barcelona-El Prat de L,ES
5119,closed- Barcelona AP(Record),ES
5126,closed- LZN Europa Rent a car,ES
5127,closed- HMV Spanien Europa,ES
5128,closed- HMV Spanien Record,ES
5141,closed- Alicante AP (Record),ES
5142,closed- Malaga Airport(Record),ES
5165,-Spanien National-Atesa-CLOSED,ES
5193,Barcelona Airport (Atesa),ES
5194,Madrid Airport (Atesa),ES
5240,closed- HMV Spanien Atesa,ES
5292,closed- La Gomera Airport,ES
5299,closed- Barcelona (Atesa),ES
5300,closed- Barcelona RW(Atesa),ES
5301,Bilbao Airport (Atesa),ES
5302,Madrid (Atesa),ES
5303,closed- Madrid RW Stat (Atesa),ES
5304,Santiago Airport (Atesa),ES
5305,closed- Vigo AP (Atesa),ES
5308,closed- Bilbao RW (Atesa),ES
5309,closed- Gijon (Atesa),ES
5310,closed- La Coruna AP (Atesa),ES
5311,Madrid-Atocha Railway (Atesa),ES
5312,Oviedo Airport (Atesa),ES
5313,closed- Oviedo (Atesa),ES
5314,Pamplona Airport (Atesa),ES
5315,Pamplona (Atesa),ES
5316,San Sebastian (Atesa),ES
5317,Santander (Atesa),ES
5318,Santander Airport (Atesa),ES
5319,Santiago (Atesa),ES
5320,Seville Train Station(Atesa),ES
5321,closed- Valencia RW Stat Ates,ES
5322,Zaragoza (Atesa),ES
5644,Seville Airport (Atesa),ES
5872,closed- Gran Canaria AP(Reco),ES
5873,closed- Tenerife South AP(Reco,ES
7113,closed- Albacete RW (Atesa),ES
7114,closed- Asturias AP (Atesa),ES
7115,closed- Cadiz (Atesa),ES
7116,Cadiz Puerto (Atesa),ES
7117,Jerez Airport Delivery (Atesa),ES
7118,Madrid Charmartin (Atesa),ES
7119,Madrid South Pinto (Atesa),ES
7120,Madrid Castrobarto (Atesa),ES
7121,closed- MadridDoctorExauerdo,ES
7122,Valencia Manises Airport (Ates,ES
7123,Zaragoza Renfe Railway (Atesa),ES
7124,Jerez Citroen Auto (Atesa),ES
7240,-- Alicante AP (Atesa)-closed-,ES
7385,closed- Jaen RW (ATESA),ES
7387,closed- Valladolid RW(Atesa),ES
7485,Fuerteventura P. Rosario Port,ES
8384,closed- Bilbao AP (Sol-Mar),ES
8385,closed- Santander Airport,ES
8386,closed- Vigo Airport (Sol-Mar),ES
8388,closed- Asturias AP (Sol-Mar),ES
8389,closed- Gerone Aéroport,ES
8501,Pool Gran Canaria Cicar AR,ES
8502,Pool Tenerifa Cicar AR,ES
8503,Pool Fuerteventura Cicar AR,ES
8504,Pool Lanzarote Cicar AR,ES
8505,Pool Canary Others Cicar,ES
8506,Pool Gran Canaria Avia AR,ES
8507,Pool Tenerifa Avia AR,ES
8508,Pool Fuerteventura Avia AR,ES
8509,Pool Lanzarote Avia AR,ES
8510,Pool Canary Others Avia,ES
8512,closed- Pool Sol-Mar,ES
8715,--Javea (Sol-Mar) -closed-,ES
8716,-- Denia (Sol-Mar)-closed-,ES
8717,--Moraira (Sol-Mar)-CLOSED-,ES
8718,--Benidorm (Sol-Mar)-CLOSED-,ES
8719,--La Manga (Sol-Mar)-closed-,ES
8720,--Torrevieja (Sol-Mar)-CLOSED,ES
8721,--Granada AP (Sol-Mar)-closed-,ES
8754,closed- Ibiza AP (Sol-Mar),ES
9249,closed- Menorca Mahon Airport,ES
40540,Ibiza ZKST,ES
40541,Gran Canaria ZKST TopCar,ES
40542,Tenerife ZKST,ES
40543,closed- Formentera Port,ES
40551,Fuerteventura AP (until 9/30),ES
40552,Gran Can.Maspalomas(till Nov6),ES
40553,Gran Canaria AP(until Nov 6th),ES
40556,Tenerife ZKST (Auto Reisen),ES
40558,Tenerife South/Luxury Cars,ES
40561,Lanzarote Airport(till Sep 14),ES
40562,Tenerife North Airport,ES
40563,Tenerife South AP(till Feb 29),ES
40614,Pool Gran Canaria,ES
40615,Pool Tenerife,ES
40616,Pool La Palma,ES
40617,Pool Fuerteventura,ES
40681,Pool Tenerife Auto Reisen AR,ES
40733,Tenerife Playa de las Americas,ES
40734,Tenerife Costa Adeje,ES
40735,Tenerife/H10 Conquistador,ES
40736,Tenerife/Hotel Turquesa,ES
40737,Tenerife Golf del Sur,ES
40738,Tenerife/Hotel Roca Nivaria,ES
40739,Tenerife/Hotel Abama,ES
40859,Pool Tenerife CANARIAS,ES
40902,Lanzarote Puerto del Carmen,ES
40903,Fuerteventura Costa Calma,ES
40906,closed- Tenerife/Hotel Bahia,ES
40907,Tenerife/Hotel Adeje Gran,ES
40908,Tenerife/Htl. Jardines Nivaria,ES
40909,Tenerife/Htl Bahia Principe,ES
41168,Tenerife/Hotel Olé Tropical,ES
41169,Tenerife/H10 Adeje Palace,ES
41473,Tenerife/Hotel Jacaranda,ES
41523,Tenerife La Caleta ,ES
42319,Tenerife North/Luxury Cars,ES
42779,Lanzarote Airport (until 9/30),ES
42780,La Palma Airport (Canaries),ES
42957,ZKST Kanaren TopCar Flizzr,ES
42958,Lanzarote Airport,ES
42959,Fuerteventura Airport,ES
42960,La Palma Airport (Canaries),ES
44537,La Palma Port (Canaries),ES
178,closed- Pau Aeroport (Pyrenees,FR
476,closed- Evry,FR
518,closed Biaritz Bayonne Aeropor,FR
541,Saint Brieuc closed,FR
542,Saint-Etiénne closed,FR
543,closed- Lyon-Gerland,FR
544,closed -Toulouse Gare Centre V,FR
545,closed- Verdun,FR
563,closed Ajaccio STE Nouvelle Ca,FR
564,closed- Argenteuil,FR
565,closed- Bezons,FR
566,closed- Blagnac,FR
567,closed -Ramonville,FR
569,closed - L'Isle Adam,FR
571,closed-Toulouse-Blagnac Aeropo,FR
572,closed- Aix en Provence,FR
574,Avignon Centre,FR
575,CLOSED - Blois,FR
576,closed- Vendome,FR
577,closed- Bourges,FR
578,"closed - Bourges, Sonaka Headq",FR
579,Vierzon Central Train Station,FR
580,"closed Brest, A.A. Loc Rent",FR
581,"closed Chatenoy le Royal, Gara",FR
582,Evry closed,FR
583,closed  Fos sur Mer,FR
584,closed Montpellier Airport,FR
585,closed Toulon Aeroport,FR
586,closed- Metz,FR
587,closed- Nancy,FR
588,closed Yutz Cedex,FR
589,"closed Montelimar, ETS H. Jean",FR
590,closed Paris 18eme,FR
591,closed -Pau STE Auto Location,FR
593,closed- Rennes,FR
594,closed- Rennes,FR
595,closed- Angers,FR
596,Le Mans closed,FR
597,closed- Nantes,FR
598,"closed Roanne, Matero",FR
1232,closed- Paris Porte de St Clou,FR
1233,closed- Versailles (until Mar,FR
1234,closed- Meudon-Velizy,FR
1235,Paris Porte d Orleans,FR
1236,Vélizy/BMW (until 31.07.),FR
1372,Corsica Figari Airport,FR
1373,Corsica Calvi Airport,FR
1781,Prades,FR
1860,closed- Montelimar/Htl du Parc,FR
1867,closed- Bourges,FR
1875,Vierzon (Meet&Greet),FR
1892,Metz Train Station,FR
1912,Nimes City Centre,FR
2039,closed- Senlis Chantilly(M&Gr),FR
2233,Annecy Airport (Meet&Greet),FR
2263,Compiègne Train Station (Meet&Greet),FR
2399,closed- Le Mans,FR
2527,closed- Aumale (Meet & Greet),FR
2528,Brest Station SNCF(till 31.3.),FR
2535,Valence-Chabeuil Airport,FR
2558,closed- Soissons (Meet&Greet),FR
2581,closed- Saint Quentin(Meet&Gr),FR
2590,Orléans,FR
2827,Saint-Malo (Meet&Greet),FR
2848,closed- Versailles,FR
3281,Nimes-Garons AP (till 31/10),FR
3282,Nimes TrainSt.SNCF(till 31/10),FR
3483,closed- Saint Louis,FR
3582,closed Aix en Provence,FR
4281,Le Creusot Station TGV,FR
4309,Perpignan - closed,FR
4310,Perpignan Aeroport - closed,FR
4339,closed Cherbourg,FR
4416,closed- Brive Airport,FR
4573,closed- Brive-la-Gaillarde,FR
4611,closed Lille - Villeneuve d'As,FR
4646,closed Lille-Roubaix,FR
4647,closed- Lys lez Lannoy,FR
4648,closed - Lille- Faches Thumesn,FR
4693,closed - Bastia Aeroport,FR
4758,Bordeaux Central Station,FR
4759,Bordeaux Airport (until 31/5),FR
4919,closed- Orleans Sud,FR
4920,closed- St Egreve,FR
4921,closed -Annemasse,FR
4922,closed -Annecy,FR
4923,Sallanches Downtown,FR
4926,closed-Lens,FR
4954,closed- ZKST Executive Car,FR
5055,Arras Train Station,FR
5063,closed- Lege Cap Ferret,FR
5064,closed- Arcachon,FR
5069,Avignon Train Station TGV,FR
5097,closed- Six Fours,FR
5098,closed- Toulon Aeroport,FR
5099,closed - Toulon Gare DT,FR
5148,closed - Ivry sur Seine DT,FR
5149,closed Chalons en Champagne Ga,FR
5150,closed Champigny sur Marne DT,FR
5151,closed- Lognes DT,FR
5152,closed Maisons-Alfort DT,FR
5153,closed Reims DT,FR
5154,closed St. Quentin DT,FR
5155,closed - Vitry le Francois DT,FR
5245,Biarritz Airport (until 31/5),FR
5256,CLOSED - Le Mans Gare C.V.,FR
5257,closed Alencon DT,FR
5283,closed-Perpignan Gare Centre V,FR
5284,closed- Perpignan Aeroport,FR
5324,Meudon-Velizy,FR
5352,closed Evry DT,FR
5353,closed Boundoufle Cedex ITM Im,FR
5383,closed Brive la Gaillarde Gare,FR
5384,closed Brive - Laroche Aeropor,FR
5385,closed Bergerac,FR
5386,closed Bergerac-Roumaniere Aer,FR
5387,closed Limoges-Bellegarde Aero,FR
5388,closed- Limoges Gare Centre Vi,FR
5389,closed Perigueux DT,FR
5438,Montceau-les-Mines,FR
5443,Perpignan Saint Charles,FR
5598,Saint-Etienne Main Station,FR
5607,closed Saint Etienne DT II,FR
5630,closed- Saint Etienne Airport,FR
5721,Meaux,FR
5831,Dijon,FR
5834,Closed- Ris-Orangis,FR
5835,CLosed- Arpajon,FR
5887,closed-Arles,FR
5888,Nimes,FR
5896,Orleans North,FR
5966,closed Contes (Nice est),FR
6106,Clermont-Ferrand Airport,FR
6107,Corsica Bastia Airport,FR
6108,Corsica Ajaccio Airport,FR
6113,Clermont-Ferrand Centre,FR
6167,CLOSED - Versailles,FR
6209,Montbard,FR
6218,closed- St Brieuc centre ville,FR
6223,closed- St Brieuc Armor Airpor,FR
6327,Rennes,FR
6328,Lorient Train Station TGV,FR
6329,closed- Vannes Station TGV,FR
6355,closed- United France Bergerac,FR
6378,closed-Vannes Gare,FR
6379,closed- Lorient Airport,FR
6380,Geneva Airport (French Sector),FR
6387,Marseille Rabatau(until 30.6.),FR
6393,closed- United FR Anglet,FR
6394,closed- United FR Boulogne,FR
6395,closed- United FR Fecamp,FR
6396,closed- United FR St. Naizaire,FR
6397,closed- United FR Montauban,FR
6398,closed- United FR Beziers,FR
6428,closed- United France Le Mans,FR
6429,closed- United FR La Garenne-C,FR
6430,closed- United France Perpigna,FR
6431,closed- United France Figeac,FR
6432,closed- United France Clichy,FR
6433,closed- United France Charlevi,FR
6434,closed- United France Lyon,FR
6440,closed- Rennes City Centre,FR
6461,Dijon Train Station,FR
6466,Metz South,FR
6467,Chambery Center/Train Station,FR
6468,Paris Porte de Saint Cloud,FR
6486,closed- Lens,FR
6695,Brignoles,FR
6696,La Garde,FR
6697,Six Fours,FR
6698,Toulon City Centre,FR
6699,Frejus,FR
6718,closed- Argelès-sur-Mer,FR
6721,Perpignan Train Station,FR
6723,Perpignan-Rivesaltes Airport,FR
6725,Amelie-les-Bains,FR
6734,closed- Le Creusot,FR
6825,Toulon-Hyères Airport,FR
6826,closed- La Valette,FR
6837,closed- Rennes Airport,FR
6877,Nantes Airport,FR
6879,closed- Saverne,FR
6897,Chambery Airport,FR
6926,Metz-Nancy Airport,FR
6929,Nantes Train Station TGV,FR
6973,closed -Bordeaux - Saint Jean,FR
6974,closed- Clermont-Ferrand Gare,FR
6975,closed- Quimper Gare,FR
7020,Angers Train Station,FR
7021,Saint-Nazaire,FR
7034,Nancy Train Station,FR
7054,La Baule Train Station,FR
7055,closed -Angers Airport,FR
7056,Paris Porte d'Orléans ,FR
7131,Rueil Malmaison,FR
7189,Le Mans Central Train Station,FR
7198,closed -La Rochelle Gare,FR
7199,closed- Cholet,FR
7200,closed- La Roche sur Yon,FR
7204,closed- Montrouge Delivery Val,FR
7265,Perpignan Airport,FR
7266,Perpignan Train St.Htl Quality,FR
7268,Versailles,FR
7283,closed- Perpignan HQ,FR
7317,closed- Caen Gare Centre Ville,FR
7318,closed- Cherbourg Gare,FR
7333,Cherbourg Maupertus  Airport,FR
7334,Caen Carpiquet Airport,FR
7342,closed- Cherbourg Centre Ville,FR
7344,closed- Saint Lo,FR
8008,closed- Chalon Sur Saone,FR
8013,closed- Alencon,FR
8021,closed- Blois,FR
8063,Closed- Sables D'Olonne,FR
8065,closed -Nantes Siege Administ,FR
8066,closed- Bressuire,FR
8067,closed- Romorantin (Meet & Gre,FR
8112,closed- Carentoir,FR
8113,closed- Draguignan,FR
8120,Melun-Dammarie les Lys,FR
8174,closed- Saint Quentin (M&G),FR
8179,closed -La Rochelle Aéroport/I,FR
8257,closed- Haguenau,FR
8283,closed -Cluses,FR
8321,Closed- Laval,FR
8322,closed -Evian,FR
8338,Les Arcs Train Station (Meet&Greet),FR
8366,Mulhouse,FR
8367,Hyères Station SNCF (Meet&Greet),FR
8371,closed- Granville,FR
8406,closed- Carteret (Meet&Greet),FR
8408,closed -Dieppe,FR
8416,Toulon Train Station (Meet&Greet),FR
8443,closed- Montereau,FR
8453,closed -Valence Centre Ville,FR
8489,Closed -Valence Briffaut (M&G),FR
8490,closed -Valence TGV (M&G),FR
8493,closed- Deauville,FR
8518,closed- Canet-en-Roussillon,FR
8672,closed- Marseille La Joliette,FR
8699,closed- Haguenau,FR
8704,Valence Train Station C.(31/1),FR
8705,closed- Valence Briffaut,FR
8706,Valence TGV (till October),FR
8714,closed- Deauville AP (Meet & G,FR
8728,Mulhouse Train Station (Meet&Greet),FR
8748,closed- Poissy,FR
8756,closed- Reims Centre,FR
8760,closed - Annecy,FR
8765,closed- Les Ulis/Villebon-sur,FR
8766,closed- Evreux,FR
8768,closed- Creteil,FR
8805,Saint-Raphaël Train Station (M&G),FR
8806,Reims Train Station,FR
8807,closed- Evreux Corner VW,FR
8808,closed- Evreux Corner Audi,FR
8809,closed- Toulon Gare Maritime,FR
8810,closed- La Seyne sur Mer,FR
8823,closed- Cherbourg Siège,FR
8824,closed- Saint Pierre des Corps,FR
8825,closed- Avignon TGV,FR
8847,closed - Roanne,FR
8908,closed- Amiens,FR
8909,closed- Brest Airport,FR
8940,Compiegne ,FR
8955,Amiens Train Station,FR
9230,closed- Saint-Viance,FR
9231,closed- Terrasson-Lavilledieu,FR
40127,closed- Poitiers Centre Ville,FR
40128,closed- Poitiers Aéroport,FR
40129,Agen,FR
40130,Bergerac Perigord Airport,FR
40131,closed- Saint Dizier,FR
40132,closed- Chaumont,FR
40133,closed- Reims,FR
40134,closed- Troyes,FR
40162,closed- Le Puy en Velay,FR
40244,closed- Saint-Malo Centre/Stat,FR
40275,closed- Villeneuve-sur-Lot,FR
40276,closed- Marmande,FR
40344,closed- Saint-Malo Ferry Term,FR
40571,closed- Rennes Station TGV,FR
40711,closed- Rodez,FR
40712,closed- Rodez Airport,FR
40725,closed- Le Puy en Velay,FR
40726,Le Puy-Loudes Airport,FR
41185,Villefranche-sur-Saone/Limas,FR
41519,closed- Agen-La Garenne Airpor,FR
41530,closed- Agen Train Station SNC,FR
42147,Villefranche-sur-Saone Station,FR
42367,closed- Rodez Train Station,FR
44091,Les Ulis/Villebon-sur-Yvette,FR
44220,closed- Clermont-Ferrand Train,FR
44356,Service Center Bheekaree,FR
44668,Dummy Kostenstelle S761,FR
44684,Arpajon,FR
44699,Mantes-la-Jolie,FR
44740,Corsica Figari Airport,FR
47836,Corsica Calvi Airport,FR
174,closed- London East,GB
1450,Sixt North Ireland,GB
1459,North Ireland Downeys Cars,GB
2387,North Ireland ZKST,GB
2388,closed- North Ireland HMV,GB
2391,Belfast Int. Airport,GB
2402,Newtownards,GB
2410,Belfast City Airport,GB
3442,closed- Northampton,GB
3512,closed- Sheffield,GB
3564,closed- Leicester,GB
4579,Belfast Titanic Quarter,GB
7512,closed -Pembroke Dock Sixt/Ken,GB
7513,closed Rochester Sixt/Kenning,GB
7518,closed Milton Keynes Sixt/Kenn,GB
7519,closed Waltham Abbey,GB
7520,closed- Truro,GB
7522,closed Carmarthen Sixt/Kenning,GB
7523,closed -Wakefield,GB
7524,closed -Dartford,GB
7525,Closed - Exeter Sixt/Kenning,GB
7526,closed Waltham Abbey Sixt/Kenn,GB
7527,closed Warrington Sixt/Kenning,GB
7529,closed- Taunton Sixt/Kenning,GB
7531,closed Stoke on Trent Sixt/Ken,GB
7532,closed Telford Sixt/Kenning,GB
7533,closed Worcester Sixt/Kenning,GB
7534,closed -Inverness Sixt/Kenning,GB
7535,closed Gloucester Sixt/Kenning,GB
7536,closed- Harrogate,GB
7537,closed -Colchester,GB
7539,closed- Grimsby Sixt/Kenning,GB
7540,closed Stirling Sixt / Kenning,GB
7541,closed- Huntingdon,GB
7542,closed- Plymouth,GB
7543,closed- Newquay,GB
7544,closed- Tonbridge,GB
7545,closed- Exeter,GB
7546,closed Middlesbrough,GB
7547,closed-Preston,GB
7548,closed -Grimsby,GB
7549,closed -Redditch,GB
7550,closed- Ipswich,GB
7551,closed-Kendal,GB
7552,closed- Hull,GB
7553,closed- Middlesbrough,GB
8580,Pool Northern Ireland AP,GB
8841,North Ireland ZKST,GB
8845,closed- HMV North Ireland,GB
8857,closed- Belfast Int.  AP,GB
8858,closed- Belfast Domestic AP,GB
8859,closed- Derry Airport,GB
8867,--Belfast-closed-,GB
40164,Pool Northern Ireland DT,GB
44522,Belfast Cruise Terminal,GB
45201,Belfast Grand Central Station,GB
46110,Lisburn,GB
205,closed- Agrigento,IT
206,closed- Pantelliera DT,IT
207,closed- Parma,IT
227,closed- Pescara,IT
228,closed- Ragusa,IT
229,closed- LZN Rimini DT,IT
230,closed- LZN Villano di Guidon,IT
247,closed- Ancona,IT
612,closed- Turin,IT
616,closed- Pescara,IT
618,closed- Brindisi Airport,IT
624,Pistoia,IT
625,closed- Pomezia,IT
626,closed- Pordenone,IT
627,closed- Ragusa,IT
629,closed- San Marino,IT
631,closed- Riccione,IT
633,closed- Rome Viale Tirreno,IT
634,closed- Rome Air Term Ostien,IT
637,closed- Sibari,IT
638,closed- Siderno,IT
639,closed- Taormina,IT
644,closed- Todi,IT
661,closed- Bari Airport K.Wojtyla,IT
663,closed- Bergamo Airport,IT
670,closed- Sicily - Milazzo,IT
671,closed- Milan DT,IT
675,closed- Bologna Airport,IT
692,closed- Genoa Airport,IT
693,closed- Lamezia Terme Airport,IT
694,closed- Milan Airport Linate,IT
695,closed- Milan AP Malpensa T1,IT
696,closed- Naples Airport,IT
697,closed- Sardinia Olbia Airport,IT
698,closed- Sicily Palermo Airport,IT
749,closed- Italien ZKST,IT
763,closed- Italy Schulung,IT
808,closed- Pisa Airport,IT
809,closed- Reggio Calabria AP,IT
811,closed- Rome AP South Ciampino,IT
812,closed- Rome Airport Fiumicino,IT
813,closed- Turin Airport,IT
814,closed- Trieste Airport,IT
815,closed- Venice Airport,IT
816,closed- Verona Airport,IT
817,closed- Amantea,IT
818,closed- Arezzo,IT
825,closed- Biella,IT
826,closed- Bologna,IT
827,closed- Cardano al Campo,IT
828,closed- Castel Maggiore,IT
829,closed- Castrovillari,IT
831,closed- Cantazaro,IT
832,closed- Turin,IT
834,closed- Crotona,IT
835,closed- Ferrara,IT
836,closed- Florence,IT
837,closed- Frosinone,IT
838,closed- Genoa,IT
839,closed- Guidano Rome,IT
840,closed- Latina,IT
841,closed- Legnano,IT
843,closed- Milan DT Via Boccacci,IT
844,closed- San Donato Milanese,IT
847,closed- Naples Railway St,IT
848,closed- Naples Via Par.,IT
849,closed- Padova,IT
850,closed- Sicily Palermo,IT
863,closed- Rome Via Pindaro,IT
864,closed- Rome Viale Degli,IT
865,closed- Rome Tiburtina,IT
866,closed- Rome Piazza F. Vivona,IT
867,closed- Rome Centre Borghese,IT
868,closed- Rovigo,IT
869,closed- Salerno,IT
876,closed- Trapani,IT
877,closed- Treviso,IT
878,closed- Trieste DT,IT
879,closed- Tropea,IT
890,closed- Venezia,IT
891,closed- Verona,IT
892,closed- Vibo Valentia,IT
893,closed- Vicenza,IT
894,closed- Sardinia Cagliari AP,IT
895,closed- Sicily Catania Airport,IT
896,closed- Florence Airport,IT
897,closed- Bari DT,IT
937,closed- Rome DT Vaticano,IT
967,closed- HMV Italy,IT
985,closed- Sixt Italien,IT
1040,closed- Chauff.Italien LZN,IT
1381,closed- Terni,IT
1643,closed- Rome Ostia Porto Turis,IT
1713,closed- Trento North,IT
1717,closed- Siena/Franci Alberto,IT
1854,closed- Milan Via Cassala,IT
1855,closed- Alessandria/Autoserviz,IT
1878,closed- Tropea/Viaggi Valentou,IT
1931,closed- Riva del Garda,IT
1933,closed- Terni,IT
1934,closed- Termoli,IT
1990,closed- Somma Lombardo/Deliver,IT
2016,closed- Civitavecchia Cruise P,IT
2018,closed- Messina,IT
2079,closed- San Remo,IT
2237,closed- Alassio,IT
2335,closed- Verbania,IT
2336,closed- San Benedetto del Tron,IT
2377,closed- Grosseto,IT
2414,closed- Foligno,IT
2415,closed- Cassino,IT
2540,closed- Rozzano,IT
2570,closed- Rome Prenestina,IT
2579,closed - Potenza,IT
2595,closed- Rome Tiburtina FFSS,IT
2869,closed- Lido di Ostia seaport,IT
2873,closed- Corsico,IT
3387,closed- Rome Repair Center,IT
3388,closed- Milan-Viagusti Repair,IT
3389,Naples Repair Center,IT
3423,closed- Brescia DT,IT
3447,closed- Caltagirone,IT
3546,closed- Marina di Ragusa,IT
3547,closed- Milan Via Pindaro,IT
3548,closed- Villanova di Gu.,IT
3565,closed- Catania DT,IT
3570,closed- Pozzallo,IT
3774,closed- Enna,IT
3790,closed- San Vito Lo Capo,IT
3847,closed- Avellino/Hobby Car,IT
3848,closed- Lagonegro DT,IT
3863,closed- Milan Via Pascoli,IT
3865,closed- Rimini,IT
3866,closed- Rimini Airport,IT
4208,closed- Sicily - Siracusa,IT
4209,closed- Siderno/Viaggi Travel,IT
4326,closed- Livorno Industr Zone,IT
4365,closed- Vibo Valentina DT,IT
4374,closed- Turin Mongrando/Alma,IT
4375,closed- Venezia,IT
4377,closed- Potenza,IT
4385,closed- Chatillon,IT
4419,closed- Cervia,IT
4438,closed- Rome Termini Station,IT
4439,Ancona,IT
4454,closed- Livorno Seaport,IT
4456,closed- Ancona Airport,IT
4457,closed- Parma,IT
4475,closed- Medolla,IT
4476,closed- Bareggio,IT
4487,closed- Benevento,IT
4659,closed- Padova,IT
4675,closed- Brescia Airport,IT
4678,closed- Macerata,IT
4679,closed- Sala Consilina,IT
4712,closed- Monza,IT
4714,closed- Sicily Trapani Airport,IT
4726,closed- Civitanova Marche,IT
4727,closed- Matera,IT
4749,closed- Porto F.Isola D'Elba,IT
4756,closed- San Benedetto Tronto,IT
4764,closed- Mazara Del Vallo,IT
4789,closed- Como,IT
4831,Rom Zentralkostenstelle,IT
4832,closed- Milan Central Station,IT
4860,closed- Reggio Calabria AP,IT
4905,closed- Lucca,IT
4927,closed- Rome Casilina/Bora,IT
4932,closed- Cosenza,IT
4933,closed- Catanzaro/Autoservice,IT
4952,closed- Cava dei Tirreni,IT
4964,closed- Montecatini,IT
5036,closed- Sorrento,IT
5043,closed- Forlì Airport,IT
5044,closed- Nola Napoli,IT
5054,closed- Sicily Sciacca,IT
5074,closed- Pescara Airport,IT
5078,Spoleto,IT
5085,closed- Sesto San Giovanni,IT
5129,closed- Massa Carrara/Guidi,IT
5130,closed- Civitavecchia DT,IT
5131,closed- Alessandria,IT
5138,closed- Palinuro,IT
5144,closed- Arezzo,IT
5243,Rome Colosseo,IT
5246,closed- Castel San Giorgio,IT
5289,closed- Venice Mestre,IT
5291,closed- Vigevano/Nuova Autom,IT
5297,closed- Prato,IT
5323,closed- Potenza DT,IT
5325,closed- Colleferro,IT
5345,closed- Treviso Airport,IT
5354,closed- Siena Sovicille,IT
5355,closed- Messina,IT
5360,closed- Rapallo,IT
5500,closed- Civitavecchia Harbour,IT
5501,closed- Rom Vatican Area,IT
5518,closed- Venice,IT
5519,closed- Padua,IT
5520,closed- Sardinia Alghero AP,IT
5593,closed- Perugia,IT
5594,closed- Sicily Catania,IT
5629,closed- Rovigo,IT
5640,closed- Trapani,IT
5641,closed- Messina North,IT
5642,closed- Lecce,IT
5643,closed- Latina/Negri Auto,IT
5645,L'Aquila,IT
5648,closed- Parma/Carebo,IT
5649,closed- Trento/Trapasso Serviz,IT
5786,closed- Bologna Quarto Infer,IT
5787,closed- Naples Tangenziale,IT
5857,closed- Cesena/Pirini Casadei,IT
5858,closed- Lavagna,IT
5859,closed- Monza/Delivery Service,IT
5860,Pordenone,IT
5861,closed- Modena/Q8 Petrol Stat,IT
5865,closed- Rome AP Fiumicino,IT
5866,closed- Milan Airport Linate,IT
5877,closed- Gaeta,IT
5878,closed- Rome Settebagni,IT
5879,closed- Milan Cavenago,IT
5883,closed- Rome Ostia,IT
5892,closed- Trieste Sea Port,IT
5893,closed- Teramo - Roseto Degli,IT
5894,closed- Reggio Emilia,IT
5913,closed- Pisa Airport G.Galilei,IT
5914,closed - Sicily-Mazara del V,IT
5915,closed- Pesaro,IT
5929,closed- Milan Airport Malpensa,IT
5958,closed- Cutrofiano,IT
5963,closed- Foggia,IT
5964,closed- Cortina d'Ampezzo,IT
5977,closed- Santa Margherita Ligur,IT
5988,closed- Brescia Airport,IT
5989,closed- Taormina,IT
5990,closed- Brescia desenzano,IT
5991,closed - Sicily-Ragusa,IT
5992,Turin Via Sapri,IT
6004,closed- Milan San Gerolamo,IT
6119,closed- Avezzano,IT
6120,closed- Milan Porta Romana,IT
6121,closed- Siena,IT
6133,closed- Vasto Marina,IT
6152,closed- Naples San Giuseppe,IT
6153,closed- Belluno,IT
6186,closed- Rome San Giovanni,IT
6187,closed- Savona,IT
6188,closed- Pomezia,IT
6220,Ravenna (Fornace Zarattini),IT
6221,closed- Rome Villa Borghese,IT
6222,closed- Milan Porta Romana,IT
6237,closed- Ariccia,IT
6343,closed- Milan Corso Sempione,IT
6369,Brescia,IT
6370,closed- Gorizia,IT
6409,closed- Cologno Monzese Milano,IT
6413,closed- Trapani Seaport,IT
6422,closed- Milan Central Station,IT
6465,closed- Bari,IT
6470,closed- Milan Viale Sarca,IT
6471,closed- L'Aquila DT,IT
6483,closed- Vibo Valentia/Car 2000,IT
6501,closed- Caserta,IT
6502,closed- Taranto DT,IT
6514,closed- Forlì AP L. Ridolfi,IT
6516,closed- Cassino,IT
6524,closed- Rome Airport Ciampino,IT
6525,closed- Bergamo AP Orio al Se,IT
6543,closed- Termoli,IT
6544,closed- Alba Adriatica,IT
6545,closed- Rome-Monterotondo,IT
6547,closed- Thiene,IT
6548,closed- Ostuni/Aci Global,IT
6591,closed- Aosta,IT
6597,closed- Sicily Trapani,IT
6606,closed- Monterotondo/AciGlobal,IT
6609,closed- Desenzano del Garda,IT
6624,closed- La Spezia ,IT
6633,closed- Brindisi,IT
6640,closed- Fabriano,IT
6641,closed- Portogruaro,IT
6656,closed- Ascoli Piceno,IT
6802,closed- Usmate Velate,IT
6827,closed- San Vito Lo Capo,IT
6829,closed- Civitavecchia,IT
6854,closed- Naples,IT
6856,closed- Castellanza,IT
6869,closed- Varese,IT
6903,closed- Cosenza/Aci Global,IT
6965,closed- Rome Cinecitta,IT
6981,closed- Rome Cassia,IT
7015,closed- Foggia Airport,IT
7024,Crotone,IT
7048,closed- Cefalu,IT
7053,closed- Florenz - Via Bocci,IT
7057,Viterbo,IT
7075,closed- Siena,IT
7088,closed- Rome Tiburtina,IT
7096,closed- Novara,IT
7143,closed- Rome Via Aurelia,IT
7144,closed- Turin AP S. Pertini,IT
7151,closed- Grosseto,IT
7152,closed- Manfredonia,IT
7163,closed- Taormina-Letojanni,IT
7167,closed- Cassina de Pecchi,IT
7168,closed- Isernia/Aci Global,IT
7170,closed- Rome Trastevere,IT
7174,closed- Bologna Train Station,IT
7175,closed- Bologna Train Station,IT
7176,closed- Bologna Airport G. Mar,IT
7177,closed- Milan Viale Sarca,IT
7184,closed- Alba,IT
7211,closed- Lamezia Train Station,IT
7237,closed- Palermo (SIXTI),IT
7252,closed- Palermo AP Borsellino,IT
7253,closed- Treviso AP (SIXTI),IT
7280,closed- Cuneo,IT
7293,Lodi,IT
7349,closed- Rome Hotel Hilton AP,IT
7352,closed- Brindisi,IT
7356,closed- Lomazzo,IT
7357,closed- Bergamo,IT
7362,closed- Taranto,IT
7375,closed- Bergamo (SIXTI),IT
7378,Bari,IT
7379,closed- Brescia AP (SIXTI),IT
7386,closed- Verbania,IT
7392,closed- Verrone,IT
7393,closed- Foligno DT,IT
7397,closed- Mesagne/Aci Global,IT
8007,closed- Modena Via Verdi,IT
8019,closed- Fornaci di Barga,IT
8020,closed- Milan San Siro/Gamma,IT
8033,closed- Enna (Sicily),IT
8056,closed- Arese,IT
8071,closed- Genoa Levante,IT
8085,closed- Sicily Palermo Giafar,IT
8103,closed- Treviso,IT
8119,closed- Riva del Garda,IT
8125,closed- Budoni,IT
8238,closed- Imola,IT
8264,closed- Venice Mestre Station,IT
8271,closed- Cortona/Corito Tours,IT
8285,closed- Teramo,IT
8310,Pomezia,IT
8359,closed- Celano,IT
8369,closed- Gela,IT
8390,closed- Rome Sheraton Golf,IT
8425,closed- Sicily Agrigento,IT
8475,closed- Milan Cologno Monzese,IT
8494,closed- Chieti,IT
8517,closed- Pool Veneto AR,IT
8519,closed- Pool Umbria AR,IT
8520,closed- Pool Trentino AR,IT
8521,closed- Pool Toscana AR,IT
8522,closed- Pool Sicilia AR,IT
8523,closed- Pool Sardegna AR,IT
8524,closed- Pool Puglia AR,IT
8525,closed- Pool Piemonte AR,IT
8526,closed- Pool Molise AR,IT
8527,closed- Pool Marche AR,IT
8528,closed- Pool Lombardia AR,IT
8529,closed- Pool Liguria AR,IT
8530,closed- Pool Lazio AR,IT
8531,closed- Pool Friuli Ven.Giulia,IT
8532,closed- Pool Emilia Romagna AR,IT
8533,closed- Pool Campania AR,IT
8534,closed- Pool Calabria AR,IT
8535,closed- Pool Abruzzo AR,IT
8700,closed- Vicenza,IT
8701,closed- San Martino Siccomario,IT
8702,closed- Rome Marconi,IT
8726,closed- Perugia Airport,IT
8746,closed- Milan Exhibition Ctr,IT
8747,closed- Lanciano,IT
8759,closed- Rome Collatina,IT
8870,closed- Matera,IT
8881,closed- L Aquila/Graziani,IT
8912,closed- Ferrara,IT
8938,closed- Asti,IT
8944,Rome Gianicolense,IT
8967,closed- Avezzano,IT
40096,closed- Taranto,IT
40112,closed- Milan Malpensa T2,IT
40251,closed- Parma/Sidel,IT
40323,closed- Naples Train Station,IT
40377,closed- Turin Porta Susa,IT
40409,Livorno,IT
40532,closed- Riva del Garda,IT
40618,closed- Cuneo,IT
40647,closed- Varese,IT
41088,closed- Bolzano Train Station,IT
41154,closed- Bolzano Airport,IT
41203,closed- Sicily Sciacca/Dedalo,IT
42165,closed- Milan Bicocca,IT
42302,closed- Terni/Delivery Service,IT
42686,closed- Perugia/Motor Car 2,IT
42696,closed- Mantua Valdaro,IT
42846,closed- Venice Port,IT
43107,Pool Abruzzo AR,IT
43108,Pool Calabria AR,IT
43109,Pool Campania AR,IT
43110,Pool Emilia Romagna AR,IT
43111,Pool Friuli Ven. Giulia AR,IT
43112,Pool Lazio AR,IT
43113,Pool Liguria AR,IT
43114,Pool Lombardia AR,IT
43115,Pool Marche AR,IT
43116,Pool Molise AR,IT
43117,Pool Piemonte AR,IT
43118,Pool Puglia AR,IT
43119,Pool Sardegna AR,IT
43120,Pool Sicilia AR,IT
43121,Pool Toscana AR,IT
43122,Pool Trentino AR,IT
43123,Pool Umbria AR,IT
43124,Pool Veneto AR,IT
43125,closed- Naples Train Station,IT
43126,closed- Milan Main Station,IT
43127,closed- Bolzano Train St(Leasy,IT
43128,closed- Bologna Train Station,IT
43129,closed- Rome Termini Stat.,IT
43130,closed- Turin Porta Susa,IT
43131,closed- Venice Mestre St,IT
43132,closed- Ancona Airport(Leasys),IT
43133,closed- Bologna AP (unt Apr 9),IT
43134,closed- Florence AP (WinRent),IT
43135,closed- Trieste Airport(Leasys,IT
43136,closed- Turin Airport,IT
43137,closed- Naples AP(till Jan 31),IT
43138,closed- Catania Airport,IT
43139,closed- Bergamo Airport,IT
43140,closed- Cagliari Airport,IT
43141,closed- Milan AP LIN(untFeb28),IT
43142,closed- Palermo Airport,IT
43143,closed- Rome AP FCO(unt.Feb14),IT
43144,closed- Trapani Airport(Leasys,IT
43145,closed- Forlì Airport(WinRent),IT
43146,closed- Sardinia Alghero AP,IT
43147,closed- Treviso Airport,IT
43148,closed- Lamezia Terme AP,IT
43149,closed- Bolzano Airport (Win,IT
43150,closed- Bari Airport,IT
43151,closed- Reggio Calabria AP,IT
43152,closed- Brindisi Airport (Win,IT
43153,closed- Olbia Airport,IT
43154,closed- Milan AP Malpensa T1,IT
43155,closed- Milan AP Malpensa T2,IT
43156,closed- Genoa Airport,IT
43157,closed- Verona AP (til 31.5.),IT
43158,closed- Rome Airport Ciampino,IT
43159,closed- Pisa Airport,IT
43160,closed- Pescara Airport(Leasys,IT
43161,closed- Venice AP(until Apr 9),IT
43162,closed- Parma/Sidel (Win Rent),IT
43163,closed- Montecatini (Win Rent),IT
43164,closed- Sicily Palermo(WinRent,IT
43165,closed- Alessandria/Tortona(Wi,IT
43166,closed- Somma Lombardo/Deliv.(,IT
43167,closed- Cesena/Pirini Casadei(,IT
43168,closed- Mantua Valdaro (Win Re,IT
43169,closed- Ostuni/Aci Global (Win,IT
43170,closed- Rome Casilina (Win Ren,IT
43171,closed- Milan San Siro/Gamma(W,IT
43172,closed- Vasto Marina (Win Rent,IT
43173,closed- Cassino (Win Rent),IT
43174,closed- Varese (Win Rent),IT
43175,closed- Sicily Sciacca/Dedalo(,IT
43176,closed- Vigevano/Automille (Wi,IT
43177,closed- Salerno (LEASYS WINRE,IT
43178,closed- Milan Bicocca (Win Ren,IT
43179,closed- Riva del Garda (Win Re,IT
43180,closed- Siena/Franci Alberto,IT
43181,closed- Parma/Carebo (Win Rent,IT
43182,closed- Massa Carrara/Guidi (W,IT
43183,closed- Rom Vatican Aurelia (W,IT
43184,closed- Frosinone (Win Rent),IT
43185,closed- Catanzaro/Autoservice(,IT
43186,closed- San Benedetto Tronto (,IT
43187,closed- Avellino/Hobby Car (Wi,IT
43188,closed- Terni/Delivery Service,IT
43189,closed- Arese (Win Rent),IT
43190,closed- Perugia/Motor Car 2 (W,IT
43191,closed- Mesagne/Aci Global (Wi,IT
43192,closed- Siderno/Full Travel (W,IT
43193,closed- Trento/Trapasso(Leasys,IT
43194,closed- Venice Port (Win Rent),IT
43195,closed- Rome Piazza F. Vivona(,IT
43196,closed- Cosenza/Aci Global (Wi,IT
43197,closed- Latina/Negri Auto,IT
43198,closed- Pescara (Win Rent),IT
43199,closed- Monza/Delivery Serv. (,IT
43200,closed- Padua (Win Rent),IT
43201,closed- Lecce (Win Rent),IT
43202,closed- Monterotondo/Aci (Win,IT
43203,closed- L Aquila/Graziani(Leas,IT
43204,closed- Turin Mongrando/Alma(W,IT
43205,closed- Florence,IT
43206,closed- Rome Borghese (Leasys),IT
43207,closed- Vibo Valentia/Car2000(,IT
43208,closed- Modena/Q8 (Leasys),IT
43209,closed- Alassio (Win Rent),IT
43210,closed- Sesto San Giovanni(Lea,IT
43211,closed- Cortona/Corito Tours(W,IT
43212,closed- Isernia/Aci Global (Wi,IT
43213,closed- Rimini (Leasys),IT
43214,Italy ZKST Win Rent,IT
43437,closed- Tropea/Parghelia(WinRe,IT
43453,closed- Cervia (Win Rent),IT
43688,closed- Sorrento (LEASYS WINRE,IT
3862,closed-Belgium Trainingscenter,NL
1476,Sixt USA Alamo,US
1477,Sixt USA National,US
1641,closed- Tampa Airport,US
1666,Las Vegas AP (internal),US
1682,closed- Jacksonville Int. AP,US
1949,USA Alamo ZKST,US
1950,USA National ZKST,US
1957,closed- USA Alamo HMV,US
1958,closed- USA National HMV,US
2044,closed- Naples (Florida) AP,US
2601,closed- Akron/Canton Airport,US
2602,closed- Albuquerque Airport,US
2603,closed- Anaheim,US
2604,closed- Anchorage Airport,US
2605,closed- Aspen Airport,US
2606,closed- Atlanta Airport,US
2608,closed- Augusta Airport,US
2609,closed- Austin Airport,US
2610,closed- Baltim./Washington AP,US
2611,closed- Bangor Airport,US
2612,closed- Bemidji Airport,US
2613,closed- Billings Logan AP,US
2614,closed- Birmingham Airport,US
2615,closed- Bloomington AP,US
2616,closed- Bloomington,US
2617,closed- Boca Raton,US
2618,closed- Boise Airport,US
2619,closed- Boston,US
2620,closed- Brainerd Airport,US
2621,closed- Buffalo Airport,US
2622,closed- Burbank Airport,US
2623,closed- Burlington Airport,US
2625,closed- Champaign,US
2626,closed- Champaign Willard AP,US
2627,closed- Montgomery Airport,US
2628,closed- Charlotte Airport,US
2629,closed- Chattanooga Airport,US
2630,closed- Chicago Midway Airport,US
2631,closed- Chicago O'Hare Airport,US
2632,closed- Cincinatti Kentucky AP,US
2633,closed- Cleveland Airport,US
2634,closed- Colorado Springs AP,US
2635,closed- Columbia Airport,US
2636,closed- Columbus Airport,US
2637,closed- Columbus 25th Street,US
2638,closed- Dallas Fort Worth AP,US
2639,closed- Dallas Love Field AP,US
2640,closed- Denver Airport,US
2641,closed- Detroit Metro Airport,US
2642,closed- Duluth Airport,US
2643,closed- Flagstaff Airport,US
2644,closed- Erie Airport,US
2645,closed- Fairbanks Airport,US
2646,closed- Fairbanks,US
2647,closed- Falmouth,US
2648,closed- Fayetteville Airport,US
2649,closed- Fort Lauderdale AP,US
2650,closed- Fort Myers Airport,US
2651,closed- Fort Walton Beach AP,US
2652,closed- Fresno Airport,US
2653,closed- Glendale,US
2654,closed- Grand Island,US
2655,closed- Grand Rapids Airport,US
2656,closed- Greensboro Airport,US
2657,closed- Flagstaff,US
2658,closed- Hartford Airport,US
2659,closed- Hilo Airport,US
2660,closed- Hilton Head Airport,US
2661,closed- Honolulu Waikiki AP,US
2662,closed- Scottsdale Airport,US
2663,closed- Houston Hobby Airport,US
2664,closed- Houston Airport,US
2665,Huntsville Airport,US
2666,closed- Idaho Falls Airport,US
2667,closed- Indianapolis Airport,US
2668,closed- Falls Int. Airport,US
2669,closed- Boston Logan Airport,US
2670,closed- Jackson Allen Th AP,US
2671,closed- Jackson Hole Airport,US
2672,closed- Jacksonville Airport,US
2673,closed- Tucson N. Oracle,US
2674,closed- Juneau Airport,US
2675,closed- Kansas City Airport,US
2676,closed- Kerrville,US
2677,closed- Key West Airport,US
2678,closed- Knoxville Airport,US
2679,closed- Kona Ke-Ahole Airport,US
2680,closed- Lafayette Airport,US
2681,closed- Lake Buena Vista,US
2682,closed- Mesa Airport,US
2683,closed- Las Vegas Airport,US
2684,closed- Lihue Municipal AP,US
2685,closed- Lincoln Municipal AP,US
2686,closed- Little Rock Municip AP,US
2687,closed- Long Beach Airport,US
2688,closed- Los Angeles Airport,US
2689,closed- Lubbock Airport,US
2690,closed- Madison Airport,US
2691,closed- Fort Smith Airport,US
2692,closed- Manchester Airport,US
2693,closed- Maui West Airport,US
2694,closed- Maui Kahului Airport,US
2695,closed- Medford Airport,US
2696,closed- Melbourne Airport,US
2697,closed- Memphis Airport,US
2698,closed- Mesa Falcon Field,US
2700,closed- Miami South Beach,US
2701,closed- Anaheim Disneyland,US
2702,closed- Milwaukee Airport,US
2703,closed- Minneapolis/St.Paul AP,US
2704,closed- Mobile Airport,US
2705,closed- Moline Airport,US
2706,closed- Myrtle Beach Airport,US
2707,closed- Nashville Airport,US
2708,closed- New Bern Airport,US
2709,closed- New Orleans Airport,US
2710,closed- New York JFK Airport,US
2711,closed- New York La Guardia AP,US
2712,closed- NY Manh.E. 31st St.,US
2713,closed- NY Manh. E. 50th St.,US
2714,New York Manhattan E. 80th St.,US
2715,closed- NY Manh. E. 12th St.,US
2716,closed- Berkeley,US
2717,closed- Oklahoma City,US
2718,closed- Omaha Airport,US
2719,closed- Ontario Airport,US
2720,closed- Orange County Airport,US
2721,closed- Orlando Airport,US
2722,closed- Orlando Disney Car,US
2723,closed- Orlando Disney Dolphin,US
2724,closed- Orlando Sheraton Stud,US
2725,closed- Palm Springs Airport,US
2726,closed- Panama City Airport,US
2727,closed- Pasco Airport,US
2728,closed- Pensacola Airport,US
2729,closed- Philadelphia Airport,US
2730,closed- Philadelphia,US
2731,closed- Eureka-Arcata,US
2732,Phoenix Airport,US
2733,closed- Pittsburgh Airport,US
2734,closed- Portland AP Oregon,US
2735,closed- Portland Airport,US
2736,closed- Providence Airport,US
2737,closed- Raleigh Durham AP,US
2738,closed- Rapid City Airport,US
2739,closed- Reno Airport,US
2740,closed- Richmond Airport,US
2741,closed- Escondido,US
2742,closed- Del Mar,US
2743,closed- Sacramento Airport,US
2744,closed- Salt Lake City Airport,US
2745,closed- San Antonio Airport,US
2746,closed- San Diego Airport,US
2747,closed- San Francisco Airport,US
2748,closed- San Francisco Conv Ctr,US
2749,closed- San Francisco Union Sq,US
2750,closed- San Francisco O'Farrel,US
2751,closed- San Jose Airport,US
2752,closed- Sanford Airport,US
2753,closed- Sarasota Airport,US
2754,closed- Savannah Airport,US
2755,closed- Seattle Tacoma Airport,US
2756,closed- Seattle,US
2757,closed- Springfield Branson AP,US
2758,closed- St. Louis Airport,US
2759,closed- Syracuse Airport,US
2760,closed- Tallahassee Airport,US
2761,closed- Tampa Airport,US
2762,closed- Terre Haute,US
2763,closed- Toledo Airport,US
2764,closed- Tucson Airport,US
2765,closed- Tulsa Airport,US
2766,closed- Washington DC Dulles,US
2767,Washington DC Nat. Airport,US
2768,closed- West Palm Beach AP,US
2769,closed- Wilmington Airport,US
2784,closed- Spokane Airport,US
2785,closed- Lewisburg Airport,US
2786,closed- Appleton Airport,US
2787,closed- Green Bay Airport,US
2788,closed- Kaukauna,US
2789,closed- La Crosse Municipal AP,US
2790,closed- Mosinee Airport,US
2791,closed- Rhinelander Oneida AP,US
2792,closed- Elmira Airport,US
2793,closed- Ithaca,US
2798,closed- Newark Airport,US
2831,closed- Tampa,US
2865,closed- Newark Airport,US
2896,closed- Monterey Peninsula AP,US
2897,closed- Telluride Airport,US
2898,closed- Clearwater,US
2899,closed- Daytona Beach Airport,US
2900,closed- Gainesville,US
2901,closed- Chicago,US
2902,closed- Rockford Airport,US
2903,closed- Anderson,US
2904,closed- Evansville Airport,US
2905,closed- Greenwood,US
2906,closed - Muncie,US
2907,closed- Cedar Rapids,US
2908,closed- Miami Airport,US
2909,closed- Escanaba Airport,US
2910,closed- Miami North Beach,US
2911,closed- Houghton Airport,US
2912,closed- Lansing,US
2913,closed- Muskegon Airport,US
2914,closed- Saginaw Airport,US
2915,closed- Traverse City Airport,US
2916,closed- Carmel,US
2917,closed- Fort Wayne,US
2918,closed- South Bend Airport,US
2919,closed- Sioux City Airport,US
2920,closed- Great Falls Airport,US
2921,closed- Wichita Airport,US
2922,closed- Flint Airport,US
2923,closed- Kalamazoo Airport,US
2924,closed- Marquette Airport,US
2925,closed- Midland/Odessa AP,US
2926,closed- Minneapolis,US
2927,closed- Bozeman Airport,US
2928,closed- Helena Airport,US
2929,closed- Kalispell Glacier AP,US
2930,closed- Dayton Airport,US
2931,closed- Missoula Airport,US
2932,closed- Des Moines Airport,US
2933,closed- Missoula,US
2934,closed- North Platte Airport,US
2935,closed- Iselin Renaissance Htl,US
2936,closed- Albany Airport,US
2937,closed- Islip Airport,US
2938,closed- NY Manh. W. 40th St.,US
2939,closed- Westchester Airport,US
2940,closed- Grand Forks Airport,US
2941,closed- Louisville,US
2942,closed- Lake Charles Airport,US
2943,closed- Cincinnati Airport,US
2944,closed- Scranton Airport,US
2945,closed- State College Airport,US
2946,closed- Greenville Airport,US
2947,closed- Naperville,US
2948,closed- Sioux Falls,US
2949,closed- Tri City Airport,US
2950,closed- Beaumont Airport,US
2951,closed- NY Manh. W. 77th St.,US
2952,closed- Norfolk Airport,US
2953,closed- Rochester,US
2954,closed- Asheville Airport,US
2955,closed- Jacksonville,US
2956,closed- Fargo Airport,US
2957,closed- Grand Forks,US
2958,closed- Minot Airport,US
2959,closed- Eugene,US
2960,closed- Allentown Airport,US
2961,closed- Sioux Falls Airport,US
2962,closed- Marshall,US
2963,closed- Washington DC,US
2964,closed- Roanoke Airport,US
2965,closed- Roanoke Coulter,US
2966,closed- Palo Alto,US
2967,closed- El Paso Airport,US
2968,closed - Durango,US
2969,closed- Grand Junction,US
2970,closed- Vail/Eagle Airport,US
2971,closed- Vail Valley Jet Center,US
2972,closed- Stamford,US
2973,closed- Kissimmee Holiday Inn,US
2974,closed- Orlando Buenavista Pal,US
2975,closed- Columbus Georgia AP,US
2976,closed- Moloka'i Airport,US
2977,closed- Oakland Airport,US
2978,closed- Phoenix Embassy Hotel,US
2979,closed- Honolulu Waikiki Hotel,US
2980,closed- Twin Falls Airport,US
2981,closed- Peoria,US
2982,closed- Tucson N. Kolb,US
2999,closed- Merit Rentals Fl Depot,US
3243,closed- Hollywood (Florida),US
3262,closed- Sunny Isles,US
3275,closed- Fort Pierce,US
4317,closed- Barbados ZKST,US
5417,closed- Charlotte/Douglas AP,US
7468,closed- Pool Florida FL,US
7483,closed- Myrtle Beach Intl AP,US
40158,closed- Hartford,US
40159,closed- Springfield,US
40160,closed- West Haven,US
40238,closed- Weehawken Port Imperia,US
40240,closed- Myrtle Beach,US
40249,closed- Austin Downtown,US
40405,closed- Boston Logan AP,US
40522,closed- San Diego Airport,US
40523,closed- Santa Rosa Sonoma AP.,US
40524,closed- San Francisco Airport,US
40537,closed- Minneapolis AP,US
40638,closed- San Diego ,US
40639,closed- Fulton,US
40649,closed- Middleborough,US
40650,closed- Rockland,US
40651,closed- Quincy,US
40652,closed- Weymouth,US
40653,closed- Plymouth,US
40656,closed- Marshfield,US
40839,closed- Greenville,US
40840,closed- Greenville-Spartanb AP,US
40894,closed- Fleet Dep EC CarRental,US
40905,closed- Fleet Depot Coronado,US
40936,closed- Austin/The Domain,US
40943,closed- Philadelphia Airport,US
40996,closed- Adwin Fleet Depot LAS/,US
41207,closed- Fleet Depot VERC,US
41216,closed- Edgewater ,US
41250,Central CC Adwin,US
41251,closed- Central CC Auto Distri,US
41252,Central CC Walser,US
41253,Central CC Coronado,US
41254,Central CC EC Car Rental,US
41255,Central CC Genius,US
41256,Central CC Jay Harland,US
41257,closed- Central CC Merit,US
41258,Central CC Snap,US
41259,Central CC TXUS,US
41260,Central CC VERC,US
41261,closed- Central CC Kulp,US
41335,Indianapolis Int Airport,US
41336,Indianapolis,US
41337,"Fleet Depot Think, Inc.",US
41338,"Central CC Think, Inc.",US
41339,closed- Charleston Int. Airpor,US
41420,Fleet Depot Genius Car Rental,US
42353,Fleet Depot Jay Harland,US
42522,FLEET DEPOT KULP RENTALS,US
43416,closed- Springfield Union Stat,US
46175,Cincinnati Int Airport,US
46536,Indianapolis Metropolitan FBO,US
